{
    "host": "eisp2emp.inf.upv.es",
    "manager": "m",
    "manager_password": "secret",
    "service": "s",
    "service_password": "secret",
    "axis": [
        {
            "rank": "soldier.BDISuperSoldier",
            "name": "cruiube_agimber_vlc_axis",
            "password": "secret",
            "amount": 6,
            "asl": "myASL/bdisoldier.asl"
        },
        {
            "rank": "BDIMedic",
            "name": "cruiube_agimber_vlc_medic_axis",
            "password": "secret",
            "amount": 2,
            "asl": "myASL/bdimedic.asl"
        },
        {
            "rank": "BDIFieldOp",
            "name": "cruiube_agimber_vlc_fieldop_axis",
            "password": "secret",
            "amount": 2,
            "asl": "myASL/bdifieldop.asl"
        }
    ],
    "allied": [
        {
            "rank": "soldier.BDISuperSoldier",
            "name": "cruiube_agimber_vlc_allied",
            "password": "secret",
            "amount": 6,
            "asl": "myASL/bdisoldier.asl"
        },
        {
            "rank": "BDIMedic",
            "name": "cruiube_agimber_vlc_medic_allied",
            "password": "secret",
            "amount": 2,
            "asl": "myASL/bdimedic.asl"
        },
        {
            "rank": "BDIFieldOp",
            "name": "cruiube_agimber_vlc_fieldop_allied",
            "password": "secret",
            "amount": 2,
            "asl": "myASL/bdifieldop.asl"
        }
    ]
}